Title,Description,Tags
ðŸŽ¯ Components and Patterns,Quadrant,quadrant
ðŸŽ¯ Data and Logic,Quadrant,quadrant
ðŸŽ¯ Pages and Layouts,Quadrant,quadrant
ðŸŽ¯ Setup and Deployment,Quadrant,quadrant
Accessibility testing basics,"Working | Components and Patterns

What is this skill?:

Accessibility testing basics involves using built-in browser tools and simple checks to ensure your prototype can be used by people with disabilities. This includes checking keyboard navigation, colour contrast, and screen reader compatibility.

Why is it important?:

â€¢ Legal requirement â€“ Public sector services must meet WCAG 2.1 AA standards

â€¢ Inclusive design â€“ Prototypes should represent accessible final products

â€¢ Early problem detection â€“ Catch accessibility issues before development

â€¢ User research validity â€“ Ensure all participants can use your prototype

Where to learn more:

â€¢ GOV.UK Service Manual: Testing for accessibility

â€¢ WebAIM: Quick reference guide

â€¢ WAVE accessibility checker

â€¢ axe DevTools browser extension","working,components-and-patterns,no-change"
Accordions,"Working | Components and Patterns

What is this skill?:

Accordions allow users to show and hide sections of content on a page. Understanding when to use them and how to implement them accessibly is important for organising long pages.

Why is it important?:

â€¢ Content organisation â€“ Break up long pages into manageable sections

â€¢ Progressive disclosure â€“ Let users see only what they need

â€¢ Accessibility â€“ Must be keyboard navigable and screen reader friendly

â€¢ Appropriate use â€“ Accordions aren't always the right solution

Where to learn more:

â€¢ GOV.UK Design System: Accordion

â€¢ NHS Design System: Expander

â€¢ Nielsen Norman: Accordions","working,components-and-patterns,no-change"
Add delays,"Working | Pages and Layouts

What is this skill?:

Adding delays involves simulating system processing time in your prototype, such as loading spinners or ""please wait"" pages. This helps test user expectations and design appropriate feedback for slow operations.

Why is it important?:

â€¢ Realistic expectations â€“ Real services have processing time; test user patience

â€¢ Loading states â€“ Design appropriate feedback for operations that take time

â€¢ User research insights â€“ Understand how users react to waiting

â€¢ Anxiety reduction â€“ Test whether your loading patterns reassure users

Where to learn more:

â€¢ GOV.UK Prototype Kit: Create routes

â€¢ GOV.UK Design System: Patterns","working,pages-and-layouts,no-change"
Add utilities,"Practitioner | Setup and Deployment

What is this skill?:

Adding utilities involves using helper classes and functions to extend your prototype's functionality. This includes GOV.UK Frontend utility classes for spacing, typography, and layout, as well as creating your own helper functions.

Why is it important?:

â€¢ Rapid styling â€“ Apply consistent spacing and typography without writing custom CSS

â€¢ Design system compliance â€“ Utility classes ensure you follow GOV.UK or NHS design standards

â€¢ Cleaner code â€“ Reusable utilities reduce duplication across your prototype

â€¢ Faster prototyping â€“ Spend less time on repetitive styling tasks

Where to learn more:

â€¢ GOV.UK Design System: Spacing

â€¢ GOV.UK Design System: Typography","practitioner,setup-and-deployment,no-change"
Advanced Git,"Expert | Setup and Deployment

What is this skill?:

Advanced Git involves using branches to work on features separately, merging changes, resolving conflicts, and using Git history to understand or revert changes in your prototype.

Why is it important?:

â€¢ Safe experimentation â€“ Test ideas in branches without affecting the main prototype

â€¢ Team collaboration â€“ Multiple people can work on different features simultaneously

â€¢ Version management â€“ Maintain different versions for different research rounds

â€¢ Recovery â€“ Revert problematic changes without losing other work

Where to learn more:

â€¢ GitHub: Git branching

â€¢ Atlassian: Git branching tutorial","expert,setup-and-deployment,no-change"
Archiving old versions,"Expert | Setup and Deployment

What is this skill?:

Archiving old versions involves properly storing and documenting past prototype iterations so they can be referenced or restored later. This includes tagging releases, creating branches, and maintaining documentation of what each version contains.

Why is it important?:

â€¢ Audit trail â€“ Know what was tested in each research round

â€¢ Stakeholder requests â€“ Quickly retrieve specific past versions

â€¢ Learning from history â€“ Review how designs evolved over time

â€¢ Compliance â€“ Some projects require version history for governance

Where to learn more:

â€¢ Git tagging

â€¢ GitHub releases

â€¢ Semantic versioning","expert,setup-and-deployment,no-change"
Assets folder,"Working | Setup and Deployment

What is this skill?:

The assets folder is where you store images, custom JavaScript files, and stylesheets for your prototype. Understanding how to organise and reference these files correctly ensures your prototype looks and functions as intended.

Why is it important?:

â€¢ Visual fidelity â€“ Add images, icons, and logos to make prototypes more realistic

â€¢ Custom styling â€“ Include your own CSS to extend or override default styles

â€¢ Interactive elements â€“ Add JavaScript for enhanced user interactions

â€¢ Organised codebase â€“ Proper asset management keeps your prototype maintainable

Where to learn more:

â€¢ GOV.UK Prototype Kit: Adding CSS, JavaScript and images

â€¢ NHS digital service manual: Design system","working,setup-and-deployment,no-change"
Autocomplete component,"Practitioner | Components and Patterns

What is this skill?:

The autocomplete component (also called typeahead or accessible autocomplete) helps users select from a long list of options by filtering as they type. Essential for country selectors, address lookups, or any large list.

Why is it important?:

â€¢ User experience â€“ Faster than scrolling through hundreds of options

â€¢ Accessibility â€“ The GOV.UK component is built to be screen reader friendly

â€¢ Error reduction â€“ Helps users find and select the correct option

â€¢ Mobile friendly â€“ Works better than long dropdowns on small screens

Where to learn more:

â€¢ GOV.UK Design System: Accessible autocomplete

â€¢ Accessible autocomplete GitHub

â€¢ GOV.UK country picker example","practitioner,components-and-patterns,no-change"
Backing up prototypes,"Practitioner | Setup and Deployment

What is this skill?:

Backing up prototypes involves creating copies of your work at key milestones, typically using Git commits, branches, or zip archives. This protects against accidental changes and allows you to return to previous versions.

Why is it important?:

â€¢ Safety net â€“ Recover from accidental deletions or breaking changes

â€¢ Version history â€“ Return to any previous state of your prototype

â€¢ Research rounds â€“ Maintain snapshots for different user research sessions

â€¢ Collaboration â€“ Share specific versions with team members

Where to learn more:

â€¢ GitHub: Creating commits

â€¢ GOV.UK Prototype Kit: Version control

â€¢ Git basics: Recording changes","practitioner,setup-and-deployment,no-change"
Basic component options,"Working | Components and Patterns

What is this skill?:

Basic component options involves passing simple parameters like text, IDs, and labels to GOV.UK Frontend macros to configure how components appear and behave.

Why is it important?:

â€¢ Customisation â€“ Adapt components to your specific needs

â€¢ Correct labelling â€“ Ensure form fields have proper labels for accessibility

â€¢ Unique IDs â€“ Prevent conflicts when using multiple instances

â€¢ Foundation â€“ Basic options are the first step to mastering macros

Where to learn more:

â€¢ GOV.UK Design System: Component options

â€¢ GOV.UK Frontend: Component API","working,components-and-patterns,no-change"
Basic 'if' statements,"Working | Data and Logic

What is this skill?:

Basic 'if' statements in Nunjucks allow you to show or hide content based on conditions, such as whether a user has entered certain data or selected a specific option.

Why is it important?:

â€¢ Dynamic content â€“ Show different content based on user input

â€¢ Conditional visibility â€“ Hide sections that aren't relevant to the user

â€¢ Error handling â€“ Display error messages only when validation fails

â€¢ Personalisation â€“ Tailor the experience based on previous answers

Where to learn more:

â€¢ Nunjucks: If statement

â€¢ GOV.UK Prototype Kit: Show different pages","working,data-and-logic,no-change"
Basic math in Nunjucks,"Working | Data and Logic

What is this skill?:

Basic math in Nunjucks involves performing simple calculations like addition, subtraction, and multiplication directly in your templates to display computed values.

Why is it important?:

â€¢ Dynamic calculations â€“ Show totals, counts, or computed values

â€¢ Progress indicators â€“ Calculate completion percentages

â€¢ Date manipulation â€“ Add or subtract days for deadline calculations

â€¢ Simple logic â€“ Avoid needing routes for basic arithmetic

Where to learn more:

â€¢ Nunjucks: Math operations

â€¢ Nunjucks: Built-in filters","working,data-and-logic,no-change"
Basic page layouts,"Working | Components and Patterns

What is this skill?:

Basic page layouts involves using the GOV.UK grid system with rows and columns to structure content on your pages, ensuring consistent spacing and responsive behaviour.

Why is it important?:

â€¢ Responsive design â€“ Layouts adapt to different screen sizes

â€¢ Consistency â€“ Match the standard GOV.UK page structure

â€¢ Content hierarchy â€“ Organise information logically

â€¢ Two-thirds pattern â€“ Use the standard content width for readability

Where to learn more:

â€¢ GOV.UK Design System: Layout

â€¢ GOV.UK Design System: Grid system","working,components-and-patterns,no-change"
Basic page titles,"Working | Pages and Layouts

What is this skill?:

Setting basic page titles involves configuring the text that appears in browser tabs and is read by screen readers. This is essential for accessibility and helps users understand where they are.

Why is it important?:

â€¢ Accessibility â€“ Screen readers announce page titles to help users navigate

â€¢ User orientation â€“ Helps users know which tab contains your prototype

â€¢ SEO basics â€“ Good practice that carries over to production development

â€¢ Professional quality â€“ Proper titles show attention to detail

Where to learn more:

â€¢ GOV.UK Design System: Page template

â€¢ W3C: Page titles","working,pages-and-layouts,no-change"
Branding,"Practitioner | Pages and Layouts

What is this skill?:

Branding involves applying service-specific headers, logos, and banners to your prototype to match your organisation's identity or test different visual approaches.

Why is it important?:

â€¢ Realistic testing â€“ Branded prototypes feel more authentic to users

â€¢ Stakeholder buy-in â€“ Helps decision makers visualise the final service

â€¢ Service identity â€“ Test how branding affects user perception

â€¢ Multi-organisation services â€“ Handle joint services or departmental branding

Where to learn more:

â€¢ GOV.UK Design System: Header

â€¢ NHS digital service manual: Header","practitioner,pages-and-layouts,no-change"
Building complex macros,"Expert | Components and Patterns

What is this skill?:

Building complex macros involves creating sophisticated Nunjucks components with nested logic, multiple parameters, default values, and conditional rendering based on the options passed in.

Why is it important?:

â€¢ Flexibility â€“ Create components that adapt to many different use cases

â€¢ Production-like quality â€“ Build macros that match GOV.UK Frontend standards

â€¢ Reduced duplication â€“ Handle variations within a single macro

â€¢ Team efficiency â€“ Provide powerful tools for less experienced team members

Where to learn more:

â€¢ Nunjucks: Macro

â€¢ GOV.UK Frontend: Component examples","expert,components-and-patterns,no-change"
Building wizard patterns,"Expert | Pages and Layouts

What is this skill?:

Building wizard patterns involves creating advanced multi-step interactions with branching logic, progress indicators, and the ability to go back and change answers.

Why is it important?:

â€¢ Complex transactions â€“ Handle services that require many steps

â€¢ User guidance â€“ Help users understand their progress

â€¢ Change answers â€“ Allow users to review and edit their responses

â€¢ Task list integration â€“ Combine with task list patterns for longer services

Where to learn more:

â€¢ GOV.UK Design System: Task list page

â€¢ GOV.UK Design System: Check answers","expert,pages-and-layouts,no-change"
Checking accessibility defaults,"Working | Components and Patterns

What is this skill?:

Checking accessibility defaults involves verifying that components have proper ARIA attributes, labels, and focus states built in, and understanding what accessibility features come out of the box.

Why is it important?:

â€¢ Compliance â€“ Ensure your prototype meets accessibility standards

â€¢ Inclusive design â€“ Components work for users with disabilities

â€¢ Testing confidence â€“ Know what's already handled vs what you need to add

â€¢ Learning â€“ Understand accessibility best practices through examples

Where to learn more:

â€¢ GOV.UK Design System: Accessibility

â€¢ NHS digital service manual: Accessibility","working,components-and-patterns,no-change"
Cleaning up before sharing,"Practitioner | Setup and Deployment

What is this skill?:

Cleaning up before sharing involves removing unused files, test data, console logs, and commented-out code before sharing your prototype with stakeholders or deploying it for user research.

Why is it important?:

â€¢ Professionalism â€“ Clean prototypes reflect well on your team

â€¢ Reduced confusion â€“ Remove dead ends and incomplete journeys

â€¢ Performance â€“ Smaller prototypes load faster

â€¢ Security â€“ Remove any test credentials or sensitive data

Where to learn more:

â€¢ GOV.UK Prototype Kit: Publishing

â€¢ Clean Code principles

â€¢ Git: Removing files","practitioner,setup-and-deployment,no-change"
Cleaning up prototypes,"Expert | Setup and Deployment

What is this skill?:

Cleaning up prototypes involves refactoring code after user research sessions, removing dead ends and unused code, consolidating learnings, and preparing the prototype for the next iteration or handover.

Why is it important?:

â€¢ Maintainable codebase â€“ Clean prototypes are easier to update and extend

â€¢ Clear documentation â€“ Helps team members understand what was tested and learned

â€¢ Efficient handover â€“ Developers can better understand intended interactions

â€¢ Reduced technical debt â€“ Prevents prototypes from becoming unmaintainable over time

Where to learn more:

â€¢ GOV.UK Service Manual: Prototyping

â€¢ GOV.UK Service Manual: Retiring your prototype","expert,setup-and-deployment,no-change"
Clearing session data,"Working | Data and Logic

What is this skill?:

Clearing session data involves resetting the prototype to a clean state, removing all stored user input so you can start a fresh journey without previous answers affecting the experience.

Why is it important?:

â€¢ Clean testing â€“ Start each research session with no pre-existing data

â€¢ Multiple scenarios â€“ Test different journeys without interference from old data

â€¢ Debugging â€“ Rule out stale data as a cause of unexpected behaviour

â€¢ User research â€“ Ensure each participant starts with a blank slate

Where to learn more:

â€¢ GOV.UK Prototype Kit: Clear session data

â€¢ GOV.UK Prototype Kit: Storing data","working,data-and-logic,no-change"
Complex data structures,"Expert | Data and Logic

What is this skill?:

Complex data structures involves working with nested objects, arrays of objects, and multi-level data hierarchies that represent real-world service data.

Why is it important?:

â€¢ Real-world simulation â€“ Match how production systems structure data

â€¢ Multi-item forms â€“ Handle ""add another"" patterns with arrays

â€¢ Relationship mapping â€“ Connect related pieces of information

â€¢ Advanced prototypes â€“ Build sophisticated data-driven features

Where to learn more:

â€¢ MDN: Working with objects

â€¢ Nunjucks: Variables","expert,data-and-logic,no-change"
Complex 'if/else' logic,"Expert | Data and Logic

What is this skill?:

Complex 'if/else' logic involves handling multiple conditions with elif (else if) statements and nested conditionals to manage sophisticated display rules.

Why is it important?:

â€¢ Multiple outcomes â€“ Handle more than two possible states

â€¢ Compound conditions â€“ Check multiple criteria together

â€¢ Nested logic â€“ Build complex decision trees in templates

â€¢ Edge cases â€“ Handle unusual combinations of user input

Where to learn more:

â€¢ Nunjucks: If/elif/else

â€¢ Nunjucks: Comparisons","expert,data-and-logic,no-change"
Conditional components,"Practitioner | Components and Patterns

What is this skill?:

Conditional components involves showing or hiding entire components based on user data or logic, such as only displaying certain form fields when relevant conditions are met.

Why is it important?:

â€¢ Relevant content â€“ Only show what's applicable to each user

â€¢ Cleaner interfaces â€“ Reduce clutter by hiding irrelevant elements

â€¢ Progressive disclosure â€“ Reveal information as it becomes relevant

â€¢ Dynamic forms â€“ Adapt the interface based on earlier answers

Where to learn more:

â€¢ Nunjucks: If statement

â€¢ GOV.UK Design System: Conditional reveal","practitioner,components-and-patterns,no-change"
Confirmation pages,"Practitioner | Pages and Layouts

What is this skill?:

Confirmation pages are the ""end of journey"" screens that tell users they've successfully completed a task. They include reference numbers, next steps, and important information.

Why is it important?:

â€¢ User confidence â€“ Confirms the action was successful

â€¢ Next steps â€“ Tells users what happens next and what they need to do

â€¢ Reference information â€“ Provides details users may need later

â€¢ Journey completion â€“ Essential for testing the full user experience

Where to learn more:

â€¢ GOV.UK Design System: Confirmation page

â€¢ GOV.UK Design System: Panel","practitioner,pages-and-layouts,no-change"
Copying code from the Design System,"Working | Components and Patterns

What is this skill?:

Copying code from the Design System involves finding the right component in the documentation, copying the HTML or Nunjucks example, and adapting it for your prototype.

Why is it important?:

â€¢ Quick implementation â€“ Get components working fast

â€¢ Correct structure â€“ Start with properly formatted code

â€¢ Learn patterns â€“ Understand how components are built

â€¢ Avoid mistakes â€“ Copy tested code rather than writing from scratch

Where to learn more:

â€¢ GOV.UK Design System

â€¢ NHS digital service manual","working,components-and-patterns,no-change"
Create custom macros,"Practitioner | Components and Patterns

What is this skill?:

Creating custom macros involves building your own reusable Nunjucks components that accept parameters and output HTML, similar to how GOV.UK Frontend components work.

Why is it important?:

â€¢ Reusability â€“ Build once, use across multiple pages

â€¢ Consistency â€“ Ensure the same pattern looks identical everywhere

â€¢ Maintainability â€“ Update the macro once to fix issues everywhere

â€¢ Team efficiency â€“ Share components with colleagues

Where to learn more:

â€¢ Nunjucks: Macro

â€¢ GOV.UK Frontend source code","practitioner,components-and-patterns,no-change"
Creating a new page,"Working | Pages and Layouts

What is this skill?:

Creating a new page involves adding a new .html file to the app/views folder, setting up the basic template structure, and extending the correct layout to ensure consistency with other pages.

Why is it important?:

â€¢ Build your prototype â€“ You need pages to create any user journey

â€¢ Correct structure â€“ New pages must extend layouts to work properly

â€¢ Organised files â€“ Learn to name and place files logically

â€¢ Efficient workflow â€“ Know when to duplicate existing pages vs. starting fresh

Where to learn more:

â€¢ GOV.UK Prototype Kit: Create pages

â€¢ NHS Prototype Kit: Views","working,pages-and-layouts,no-change"
Creating data maps,"Expert | Data and Logic

What is this skill?:

Creating data maps involves structuring user input into organised data objects or JSON structures, transforming flat form data into meaningful hierarchies.

Why is it important?:

â€¢ Organised data â€“ Keep user responses structured and easy to access

â€¢ Complex forms â€“ Handle multi-part forms with nested data

â€¢ API simulation â€“ Mimic how real services structure data

â€¢ Check answers pages â€“ Easily iterate over structured data for summaries

Where to learn more:

â€¢ MDN: Working with objects

â€¢ GOV.UK Design System: Check answers","expert,data-and-logic,no-change"
Custom Nunjucks filters,"Expert | Data and Logic

What is this skill?:

Custom Nunjucks filters are JavaScript functions you write to transform data in templates, extending the built-in filters with your own formatting logic.

Why is it important?:

â€¢ Custom formatting â€“ Format dates, currencies, or text your way

â€¢ Reusable logic â€“ Write once, use across all templates

â€¢ Clean templates â€“ Keep complex transformations out of views

â€¢ Consistent output â€“ Ensure data is always formatted the same way

Where to learn more:

â€¢ Nunjucks: Custom filters

â€¢ GOV.UK Prototype Kit: Filters","expert,data-and-logic,no-change"
Customizing CSS for patterns,"Practitioner | Components and Patterns

What is this skill?:

Customizing CSS for patterns involves writing custom Sass or CSS to modify the appearance of standard components or create new visual styles for your prototype.

Why is it important?:

â€¢ Visual testing â€“ Test design variations with stakeholders

â€¢ Brand requirements â€“ Adapt patterns for specific service needs

â€¢ Gap filling â€“ Style elements not covered by the design system

â€¢ Iteration â€“ Quickly try different visual approaches

Where to learn more:

â€¢ GOV.UK Prototype Kit: CSS and Sass

â€¢ GOV.UK Design System: Styles","practitioner,components-and-patterns,no-change"
Customizing the start page,"Practitioner | Pages and Layouts

What is this skill?:

Customizing the start page involves building a standard GOV.UK or NHS service start page with guidance, eligibility information, and a clear call-to-action button.

Why is it important?:

â€¢ First impression â€“ The start page sets user expectations for the service

â€¢ Eligibility checking â€“ Help users understand if the service is right for them

â€¢ Reduce drop-off â€“ Clear guidance prevents users starting journeys they can't complete

â€¢ Design system compliance â€“ Follow the standard start page pattern

Where to learn more:

â€¢ GOV.UK Design System: Start page pattern

â€¢ GOV.UK Service Manual: Start pages","practitioner,pages-and-layouts,no-change"
Data in the URL,"Working | Data and Logic

What is this skill?:

Data in the URL involves understanding how query strings (like ?name=value) can pass information between pages, and how to read these parameters in your prototype.

Why is it important?:

â€¢ Deep linking â€“ Link directly to specific states or scenarios

â€¢ External integration â€“ Receive data from other systems via URLs

â€¢ Testing shortcuts â€“ Jump to specific journey points with pre-set data

â€¢ Sharing states â€“ Send links that reproduce specific prototype states

Where to learn more:

â€¢ MDN Web Docs: Query strings

â€¢ Express.js: Request query","working,data-and-logic,no-change"
Date manipulation,"Practitioner | Data and Logic

What is this skill?:

Date manipulation involves calculating dates (like ""3 working days from now""), formatting dates for display, and comparing dates in your prototype logic. The date-fns library is commonly used for this.

Why is it important?:

â€¢ Dynamic deadlines â€“ Show realistic future dates based on today

â€¢ Date formatting â€“ Display dates in the GOV.UK style (1 January 2024)

â€¢ Validation â€“ Check if dates are in the past or future

â€¢ Calculations â€“ Add or subtract days, months, or years

Where to learn more:

â€¢ GOV.UK Design System: Dates

â€¢ date-fns documentation

â€¢ MDN: Date object","practitioner,data-and-logic,no-change"
Debugging,"Practitioner | Setup and Deployment

What is this skill?:

Debugging involves systematically finding and fixing problems in your prototype. This includes using browser developer tools, reading terminal error messages, and using console.log to inspect data.

Why is it important?:

â€¢ Self-sufficiency â€“ Fix your own problems without waiting for help

â€¢ Faster iteration â€“ Quickly identify and resolve issues during development

â€¢ Learn how things work â€“ Debugging teaches you how the kit functions internally

â€¢ Better code quality â€“ Understanding errors helps you write more robust prototypes

Where to learn more:

â€¢ Chrome DevTools documentation

â€¢ MDN Web Docs: Debugging JavaScript","practitioner,setup-and-deployment,no-change"
Deep linking,"Practitioner | Pages and Layouts

What is this skill?:

Deep linking involves creating URLs that link directly to specific states or pages within your prototype, including form data or session state. This allows testers to jump directly to a specific point in a journey.

Why is it important?:

â€¢ User research efficiency â€“ Jump directly to the screen you want to test

â€¢ Bug reporting â€“ Share exact URLs that reproduce issues

â€¢ Stakeholder reviews â€“ Send links to specific pages for feedback

â€¢ Testing edge cases â€“ Create URLs that set up specific scenarios

Where to learn more:

â€¢ GOV.UK Prototype Kit: Pass data with URLs

â€¢ Express.js: Route parameters

â€¢ MDN: URL query strings","practitioner,pages-and-layouts,no-change"
Deploying to Heroku,"Practitioner | Setup and Deployment

What is this skill?:

Deploying to Heroku involves pushing your prototype code to Heroku's servers so it's accessible online. This includes setting up the app, configuring environment variables, and managing deployments.

Why is it important?:

â€¢ Share your work â€“ Make prototypes accessible to stakeholders and users

â€¢ Remote research â€“ Conduct user research sessions with participants anywhere

â€¢ Continuous updates â€“ Push changes and see them live within minutes

â€¢ Professional workflow â€“ Deployment skills are valuable across all development work

Where to learn more:

â€¢ GOV.UK Prototype Kit: Publishing on Heroku

â€¢ Heroku: Deploying Node.js apps","practitioner,setup-and-deployment,no-change"
Design system contribution,"Expert | Components and Patterns

What is this skill?:

Design system contribution involves refining prototype patterns to meet the quality standards required for inclusion in the official GOV.UK or NHS design systems.

Why is it important?:

â€¢ Community benefit â€“ Share your work to help others

â€¢ Quality improvement â€“ Contribution process improves your patterns

â€¢ Recognition â€“ Contribute to widely-used government resources

â€¢ Learning â€“ Understand how design systems are built and maintained

Where to learn more:

â€¢ GOV.UK Design System: Propose a component

â€¢ GOV.UK Design System: Develop a component","expert,components-and-patterns,no-change"
Different data types,"Working | Data and Logic

What is this skill?:

Understanding different data types means knowing the difference between strings, numbers, booleans, arrays, and objects. This is essential for handling user input and building logic.

Why is it important?:

â€¢ Correct comparisons â€“ Comparing ""1"" (string) and 1 (number) behaves differently

â€¢ Form handling â€“ Form inputs are always strings; you may need to convert them

â€¢ Conditional logic â€“ Booleans are essential for branching

â€¢ Data structures â€“ Arrays and objects let you manage lists and complex data

Where to learn more:

â€¢ MDN Web Docs: JavaScript data types

â€¢ GOV.UK Prototype Kit: Storing data","working,data-and-logic,no-change"
Dynamic routing logic,"Expert | Pages and Layouts

What is this skill?:

Dynamic routing logic involves advanced server-side routing that changes the user's path based on complex combinations of session data, external factors, or calculated states.

Why is it important?:

â€¢ Complex services â€“ Handle sophisticated eligibility and routing requirements

â€¢ Personalisation â€“ Tailor journeys based on user characteristics

â€¢ Integration simulation â€“ Mimic real backend logic and API responses

â€¢ Edge case handling â€“ Manage unusual scenarios gracefully

Where to learn more:

â€¢ GOV.UK Prototype Kit: Create routes

â€¢ Express.js: Routing","expert,pages-and-layouts,no-change"
Email notification preview,"Expert | Data and Logic

What is this skill?:

Email notification preview involves creating pages that show what emails or letters would look like, using data from the user's session. This helps test email content and timing during user research.

Why is it important?:

â€¢ Realistic testing â€“ Users can see what emails they'd receive

â€¢ Content testing â€“ Test if email wording is clear and actionable

â€¢ Journey completeness â€“ Show the full experience including notifications

â€¢ Stakeholder review â€“ Get sign-off on notification content

Where to learn more:

â€¢ GOV.UK Notify

â€¢ GOV.UK Notify templates

â€¢ GOV.UK Service Manual: Sending emails and letters","expert,data-and-logic,no-change"
Environment variables,"Practitioner | Setup and Deployment

What is this skill?:

Environment variables allow you to configure your prototype differently for local development versus deployment. They're used to store settings like feature flags, API keys, or environment-specific URLs without hardcoding them.

Why is it important?:

â€¢ Security â€“ Keep sensitive data out of your codebase

â€¢ Flexibility â€“ Change behaviour without modifying code

â€¢ Deployment ready â€“ Configure differently for Heroku vs local

â€¢ Feature toggles â€“ Enable or disable features per environment

Where to learn more:

â€¢ GOV.UK Prototype Kit: Environment variables

â€¢ Heroku: Configuration and config vars

â€¢ Node.js process.env","practitioner,setup-and-deployment,no-change"
Error page handling,"Practitioner | Pages and Layouts

What is this skill?:

Error page handling involves creating custom 404 (not found) and 500 (server error) pages for your prototype. This helps test how users respond to errors and ensures a consistent experience when things go wrong.

Why is it important?:

â€¢ User experience â€“ Guide users back to safety when they hit an error

â€¢ Realistic testing â€“ Test error scenarios during user research

â€¢ Consistent branding â€“ Error pages should match your service design

â€¢ Debugging â€“ Custom error pages can show helpful developer information

Where to learn more:

â€¢ GOV.UK Design System: Error pages

â€¢ Express.js error handling

â€¢ GOV.UK Service Manual: Error pages","practitioner,pages-and-layouts,no-change"
Errors in routes,"Practitioner | Setup and Deployment

What is this skill?:

Debugging errors in routes involves understanding how the routes.js file works and troubleshooting issues that prevent your prototype from handling form submissions, redirects, and page navigation correctly.

Why is it important?:

â€¢ Unblock development â€“ Route errors stop your prototype from working entirely

â€¢ Understand data flow â€“ Debugging routes teaches you how data moves through your prototype

â€¢ Build confidence â€“ Once you can fix route errors, you can tackle more complex logic

â€¢ Better error messages â€“ Learn to read Node.js error messages to quickly identify problems

Where to learn more:

â€¢ GOV.UK Prototype Kit: Using routes

â€¢ Express.js routing guide","practitioner,setup-and-deployment,no-change"
Extend layout files,"Practitioner | Pages and Layouts

What is this skill?:

Extending layout files involves using Nunjucks template inheritance to modify block structures for specific page needs, creating custom layouts that still inherit from the base template.

Why is it important?:

â€¢ Customisation â€“ Create page-specific layouts while maintaining consistency

â€¢ Efficiency â€“ Reuse common structures across multiple pages

â€¢ Flexibility â€“ Override only the blocks you need to change

â€¢ Maintainability â€“ Keep your codebase organised and DRY

Where to learn more:

â€¢ GOV.UK Prototype Kit: Templates and layouts

â€¢ Nunjucks: Template inheritance","practitioner,pages-and-layouts,no-change"
Filtering data,"Expert | Data and Logic

What is this skill?:

Filtering data involves using logic to display specific subsets of information from arrays or objects based on conditions, such as showing only completed tasks or matching search results.

Why is it important?:

â€¢ Dynamic displays â€“ Show only relevant items from larger datasets

â€¢ Search results â€“ Filter lists based on user queries

â€¢ Status filtering â€“ Display items by their current state

â€¢ Performance â€“ Show manageable subsets of large data sets

Where to learn more:

â€¢ Nunjucks: For loops with conditions

â€¢ MDN: Array.filter()","expert,data-and-logic,no-change"
Folder structure,"Working | Setup and Deployment

What is this skill?:

Understanding the folder structure means knowing where to find and place different types of files in the prototype kit. This includes the app folder for views, routes, and assets, as well as configuration files in the root.

Why is it important?:

â€¢ Find files quickly â€“ Know exactly where to look for views, routes, and styles

â€¢ Organise your work â€“ Keep your prototype tidy and maintainable

â€¢ Avoid breaking things â€“ Understand which files are safe to edit and which to leave alone

â€¢ Collaborate effectively â€“ Team members can navigate the project consistently

Where to learn more:

â€¢ GOV.UK Prototype Kit: Folder structure

â€¢ NHS Prototype Kit: Project structure","working,setup-and-deployment,no-change"
Form element validation states,"Practitioner | Components and Patterns

What is this skill?:

Form element validation states involves implementing error styling, error messages, and error summaries on form components to show users when they've made mistakes.

Why is it important?:

â€¢ User guidance â€“ Help users understand and fix their errors

â€¢ Accessibility â€“ Error states must be announced to screen readers

â€¢ Design system compliance â€“ Follow GOV.UK error patterns correctly

â€¢ Realistic testing â€“ Test how users respond to validation feedback

Where to learn more:

â€¢ GOV.UK Design System: Error message

â€¢ GOV.UK Design System: Error summary","practitioner,components-and-patterns,no-change"
Form layout design,"Practitioner | Pages and Layouts

What is this skill?:

Form layout design involves organizing complex forms with fieldsets, legends, hint text, and proper spacing to create accessible, user-friendly form pages.

Why is it important?:

â€¢ Accessibility â€“ Properly structured forms work with assistive technologies

â€¢ Usability â€“ Good layout reduces user errors and confusion

â€¢ Design system compliance â€“ Follow GOV.UK form patterns

â€¢ Complex forms â€“ Handle multi-part questions and grouped inputs correctly

Where to learn more:

â€¢ GOV.UK Design System: Fieldset

â€¢ GOV.UK Service Manual: Form structure","practitioner,pages-and-layouts,no-change"
Generating reference numbers,"Practitioner | Data and Logic

What is this skill?:

Generating reference numbers involves creating unique identifiers for submissions or applications in your prototype. These help make confirmation pages feel realistic and can be used to track test scenarios.

Why is it important?:

â€¢ Realistic prototypes â€“ Users expect a reference number after submitting

â€¢ User research â€“ Test if users understand what to do with reference numbers

â€¢ Scenario tracking â€“ Identify different test sessions or submissions

â€¢ Confidence building â€“ Reference numbers reassure users their submission was received

Where to learn more:

â€¢ GOV.UK Design System: Confirmation pages

â€¢ JavaScript random string generation

â€¢ UUID generation in Node.js","practitioner,data-and-logic,no-change"
Git basics,"Practitioner | Setup and Deployment

What is this skill?:

Git basics involves using version control to track changes to your prototype, create commits, and push your code to remote repositories like GitHub. This protects your work and enables collaboration.

Why is it important?:

â€¢ Never lose work â€“ Git tracks every change, so you can always recover previous versions

â€¢ Collaboration â€“ Share your prototype with team members and work together

â€¢ Deployment â€“ Most hosting platforms (like Heroku) use Git for deployment

â€¢ Professional practice â€“ Version control is standard in all software development

Where to learn more:

â€¢ GitHub: Git handbook

â€¢ GOV.UK Prototype Kit: Publishing on the web","practitioner,setup-and-deployment,no-change"
Hard-coding data,"Working | Pages and Layouts

What is this skill?:

Hard-coding data means placing static content directly into pages for quick testing, rather than pulling it from session data or external sources. This is useful for rapid prototyping.

Why is it important?:

â€¢ Speed â€“ Quickly test page designs without setting up data flows

â€¢ Simplicity â€“ Easier to understand when learning the kit

â€¢ Demonstration â€“ Show stakeholders a specific scenario without complex logic

â€¢ Starting point â€“ Often the first step before making content dynamic

Where to learn more:

â€¢ GOV.UK Prototype Kit: Create pages

â€¢ GOV.UK Design System: Components","working,pages-and-layouts,no-change"
Installing the kit,"Working | Setup and Deployment

What is this skill?:

Installing the kit involves downloading the prototype kit, setting up Node.js, and running npm install to get all dependencies. This is the first step before you can start building prototypes.

Why is it important?:

â€¢ Get started â€“ You cannot prototype without first installing the kit

â€¢ Understand dependencies â€“ Learn how Node.js and NPM work together

â€¢ Troubleshoot setup issues â€“ Know how to fix common installation problems

â€¢ Set up new projects â€“ Create fresh prototypes whenever needed

Where to learn more:

â€¢ GOV.UK Prototype Kit: Installation guide

â€¢ NHS Prototype Kit: Installation","working,setup-and-deployment,no-change"
Introduction to Git and GitHub,"Working | Setup and Deployment

What is this skill?:

Git is a version control system that tracks changes to your files over time. GitHub is a website that hosts Git repositories online, making it easy to back up your work and collaborate with others. Understanding the basics of both is essential before you start prototyping.

Why is it important?:

â€¢ Save your work safely â€“ Git lets you save snapshots of your prototype that you can return to

â€¢ Undo mistakes â€“ Accidentally break something? Git lets you go back to a working version

â€¢ Collaboration â€“ Share your prototype with team members through GitHub

â€¢ Industry standard â€“ Git is used everywhere in software development

Where to learn more:

â€¢ GitHub: Hello World guide

â€¢ Git basics in plain English

â€¢ GOV.UK Prototype Kit: GitHub Desktop

â€¢ GitHub Desktop download","working,setup-and-deployment,no-change"
Isolating patterns for reuse,"Expert | Components and Patterns

What is this skill?:

Isolating patterns for reuse involves extracting components from your prototype into standalone, well-documented modules that can be shared across projects or with other teams.

Why is it important?:

â€¢ Cross-project efficiency â€“ Reuse proven patterns in future prototypes

â€¢ Team collaboration â€“ Share components with colleagues

â€¢ Design system contribution â€“ Prepare patterns for wider adoption

â€¢ Quality improvement â€“ Isolated patterns get more attention and refinement

Where to learn more:

â€¢ GOV.UK Design System: Contribute

â€¢ NHS digital service manual: Contribute","expert,components-and-patterns,no-change"
Linking pages,"Working | Pages and Layouts

What is this skill?:

Linking pages involves creating anchor tags and navigation elements that connect different pages in your prototype. This is fundamental to building any user journey.

Why is it important?:

â€¢ User navigation â€“ Links are how users move through your service

â€¢ Journey flow â€“ Connect pages in the correct sequence

â€¢ Accessibility â€“ Properly formed links work with screen readers and keyboards

â€¢ Foundation skill â€“ All prototypes require linking pages together

Where to learn more:

â€¢ GOV.UK Prototype Kit: Create pages

â€¢ MDN Web Docs: Creating hyperlinks","working,pages-and-layouts,no-change"
Logic in routes.js,"Practitioner | Data and Logic

What is this skill?:

Logic in routes.js involves moving complex decision-making out of templates and into server-side JavaScript, making code cleaner and enabling more sophisticated processing.

Why is it important?:

â€¢ Cleaner templates â€“ Keep views focused on presentation

â€¢ Complex logic â€“ JavaScript offers more powerful programming features

â€¢ Reusability â€“ Share logic across multiple routes

â€¢ Debugging â€“ Easier to test and debug than template logic

Where to learn more:

â€¢ GOV.UK Prototype Kit: Create routes

â€¢ Express.js: Routing","practitioner,data-and-logic,no-change"
Looping through data,"Expert | Data and Logic

What is this skill?:

Looping through data involves using Nunjucks 'for' loops to iterate over arrays and objects, displaying lists of items dynamically from data.

Why is it important?:

â€¢ Dynamic lists â€“ Generate lists from data rather than hard-coding

â€¢ Repeated patterns â€“ Render the same component multiple times with different data

â€¢ Task lists â€“ Display lists of tasks or items from session data

â€¢ Summary tables â€“ Build tables from arrays of user responses

Where to learn more:

â€¢ Nunjucks: For

â€¢ GOV.UK Design System: Summary list","expert,data-and-logic,no-change"
Managing versions,"Practitioner | Setup and Deployment

What is this skill?:

Managing versions involves keeping track of different prototype kit versions, updating dependencies safely, and understanding how to roll back if an update causes problems.

Why is it important?:

â€¢ Stability â€“ Keep your prototype working reliably across updates

â€¢ Team consistency â€“ Ensure everyone is using the same version

â€¢ Safe updates â€“ Know how to update without breaking your prototype

â€¢ Access new features â€“ Upgrade to get the latest components and fixes

Where to learn more:

â€¢ GOV.UK Prototype Kit: Updating the kit

â€¢ NPM: About semantic versioning","practitioner,setup-and-deployment,no-change"
Mobile responsive testing,"Working | Pages and Layouts

What is this skill?:

Mobile responsive testing involves checking your prototype works well on different screen sizes, particularly mobile phones. The GOV.UK Design System is mobile-first, but custom additions need testing.

Why is it important?:

â€¢ Real usage patterns â€“ Many users access services on mobile devices

â€¢ Design system compliance â€“ Verify GOV.UK components respond correctly

â€¢ Custom component testing â€“ Check your additions work on small screens

â€¢ User research preparation â€“ Some sessions may use mobile devices

Where to learn more:

â€¢ GOV.UK Design System: Layout

â€¢ Chrome DevTools: Device mode

â€¢ MDN: Responsive design","working,pages-and-layouts,no-change"
Multi-path journeys,"Expert | Pages and Layouts

What is this skill?:

Multi-path journeys involve designing complex user flows where different users take different routes through the service based on their circumstances, eligibility, or choices.

Why is it important?:

â€¢ Realistic services â€“ Most services have multiple paths for different user types

â€¢ Efficient journeys â€“ Skip irrelevant questions for each user

â€¢ Edge cases â€“ Test all possible routes through the service

â€¢ User research â€“ Understand how different users experience the service

Where to learn more:

â€¢ GOV.UK Prototype Kit: Branching

â€¢ GOV.UK Service Manual: Form structure","expert,pages-and-layouts,no-change"
Multi-user testing,"Expert | Data and Logic

What is this skill?:

Multi-user testing involves setting up your prototype to simulate scenarios where multiple users interact with the same case or application, such as an applicant and a caseworker viewing the same submission.

Why is it important?:

â€¢ Realistic scenarios â€“ Many services involve multiple user types

â€¢ Role switching â€“ Test both sides of a two-sided service

â€¢ Data consistency â€“ Ensure both users see the same information

â€¢ Complex journeys â€“ Test handoffs between different user types

Where to learn more:

â€¢ GOV.UK Service Manual: User roles

â€¢ Prototype Kit: Session data

â€¢ Testing two-sided services","expert,data-and-logic,no-change"
Navigation patterns,"Practitioner | Pages and Layouts

What is this skill?:

Navigation patterns involves implementing sidebars, footers, breadcrumbs, and other navigation elements that help users understand where they are and move through your service.

Why is it important?:

â€¢ User orientation â€“ Help users understand their location in the service

â€¢ Efficient navigation â€“ Allow users to jump to relevant sections

â€¢ Accessibility â€“ Proper navigation landmarks help screen reader users

â€¢ Complex services â€“ Essential for services with multiple sections or tasks

Where to learn more:

â€¢ GOV.UK Design System: Breadcrumbs

â€¢ GOV.UK Design System: Footer","practitioner,pages-and-layouts,no-change"
Node.js basics,"Working | Setup and Deployment

What is this skill?:

Node.js basics involves understanding that Node.js is the JavaScript runtime that powers the prototype kit. It runs the server that serves your prototype pages and processes your routes.

Why is it important?:

â€¢ Understand the foundation â€“ Node.js is what makes the prototype kit work

â€¢ Install the right version â€“ Different kit versions may require specific Node.js versions

â€¢ Debug server errors â€“ Recognise when issues are Node.js related

â€¢ Extend functionality â€“ Node.js knowledge enables more advanced prototyping

Where to learn more:

â€¢ GOV.UK Prototype Kit: Requirements

â€¢ Node.js official documentation","working,setup-and-deployment,no-change"
NPM packages,"Working | Setup and Deployment

What is this skill?:

NPM (Node Package Manager) packages are reusable code libraries that extend the functionality of your prototype. Understanding how to install, update, and manage these dependencies is crucial for maintaining your prototype kit.

Why is it important?:

â€¢ Access to powerful tools â€“ NPM packages provide ready-made solutions for common problems

â€¢ Keep your kit updated â€“ Understanding NPM helps you update the GOV.UK Frontend and other dependencies

â€¢ Troubleshoot installation issues â€“ Many kit problems stem from NPM-related issues

â€¢ Extend functionality â€“ Add new features to your prototype using community packages

Where to learn more:

â€¢ GOV.UK Prototype Kit: Updating the kit

â€¢ NPM documentation: Getting started","working,setup-and-deployment,no-change"
Nunjucks vs HTML components,"Working | Components and Patterns

What is this skill?:

Understanding Nunjucks vs HTML components means knowing when to use a Nunjucks macro (for dynamic, configurable components) versus plain HTML (for static, one-off content).

Why is it important?:

â€¢ Right tool for the job â€“ Choose the appropriate approach for each situation

â€¢ Efficiency â€“ Macros save time for repeated, dynamic components

â€¢ Simplicity â€“ HTML is fine for simple, static content

â€¢ Maintenance â€“ Understanding the difference helps when updating code

Where to learn more:

â€¢ GOV.UK Design System: Using Nunjucks

â€¢ GOV.UK Design System: Components","working,components-and-patterns,no-change"
Nunjucks vs HTML,"Working | Pages and Layouts

What is this skill?:

Understanding Nunjucks vs HTML means knowing when to use static HTML and when to use Nunjucks templating features like variables, loops, conditionals, and template inheritance to build dynamic pages.

Why is it important?:

â€¢ Dynamic content â€“ Nunjucks lets you display different content based on user data

â€¢ Reduce repetition â€“ Use template inheritance and includes to avoid duplicating code

â€¢ Cleaner pages â€“ Conditionals and loops make complex pages easier to manage

â€¢ Design system integration â€“ GOV.UK and NHS.UK macros are written in Nunjucks

Where to learn more:

â€¢ Nunjucks templating documentation

â€¢ GOV.UK Design System: Using Nunjucks macros","working,pages-and-layouts,no-change"
Passing variables to macros,"Practitioner | Components and Patterns

What is this skill?:

Passing variables to macros involves using session data or other variables to dynamically populate component fields, making forms pre-fill with user data or display personalised content.

Why is it important?:

â€¢ Pre-populated forms â€“ Show users their previous answers when they return

â€¢ Dynamic content â€“ Display different text based on user data

â€¢ Check answers pages â€“ Pass all stored data to summary components

â€¢ Personalisation â€“ Create tailored experiences for each user

Where to learn more:

â€¢ GOV.UK Prototype Kit: Pass data

â€¢ Nunjucks: Variables","practitioner,components-and-patterns,no-change"
Password protection,"Practitioner | Setup and Deployment

What is this skill?:

Password protection involves adding simple authentication to your deployed prototype to prevent public access. This is essential when your prototype contains sensitive design work or is hosted publicly.

Why is it important?:

â€¢ Confidentiality â€“ Protect unreleased designs from public view

â€¢ Controlled access â€“ Only share with intended testers and stakeholders

â€¢ Heroku requirement â€“ Many teams require password protection before deployment

â€¢ Research integrity â€“ Prevent participants from accessing the prototype early

Where to learn more:

â€¢ GOV.UK Prototype Kit: Password protection

â€¢ Heroku basic authentication

â€¢ Express.js basic auth middleware","practitioner,setup-and-deployment,no-change"
Pattern library management,"Expert | Components and Patterns

What is this skill?:

Pattern library management involves organizing, documenting, and maintaining a collection of custom components and patterns within a large prototype or across multiple prototypes.

Why is it important?:

â€¢ Discoverability â€“ Team members can find and use existing patterns

â€¢ Consistency â€“ Ensure patterns are used correctly across the project

â€¢ Maintenance â€“ Keep track of what needs updating when requirements change

â€¢ Onboarding â€“ Help new team members understand available components

Where to learn more:

â€¢ GOV.UK Design System: Community

â€¢ Atomic Design methodology","expert,components-and-patterns,no-change"
Previewing in local host,"Working | Pages and Layouts

What is this skill?:

Previewing in localhost involves navigating to your local server address (usually localhost:3000) in a browser to view and test your prototype as you develop it.

Why is it important?:

â€¢ Immediate feedback â€“ See your changes as you make them

â€¢ Testing â€“ Check that links, forms, and logic work correctly

â€¢ Debugging â€“ Identify visual and functional issues early

â€¢ Development workflow â€“ Essential for iterative prototyping

Where to learn more:

â€¢ GOV.UK Prototype Kit: Running the kit

â€¢ MDN Web Docs: What is a web server?","working,pages-and-layouts,no-change"
Print stylesheets,"Expert | Pages and Layouts

What is this skill?:

Print stylesheets involve creating CSS rules that apply when a user prints a page or saves it as PDF. This ensures important content is visible and unnecessary elements like navigation are hidden in the printed version.

Why is it important?:

â€¢ Accessibility â€“ Users may need to print forms or reference materials

â€¢ Official documents â€“ Some services require printable summaries or receipts

â€¢ User testing â€“ Test if printed versions of pages meet user needs

â€¢ Professional output â€“ Ensure printed pages look intentional, not broken

Where to learn more:

â€¢ GOV.UK Design System: Printing

â€¢ MDN: Print media queries

â€¢ CSS-Tricks: Print styles","expert,pages-and-layouts,no-change"
Prototype documentation,"Practitioner | Setup and Deployment

What is this skill?:

Prototype documentation involves writing clear README files and inline comments that explain how to run your prototype, what scenarios are available, and any special setup required.

Why is it important?:

â€¢ Team handover â€“ Others can pick up your prototype without explanation

â€¢ Future you â€“ Remember how things work when you return to a project

â€¢ Research preparation â€“ Document scenarios for user researchers

â€¢ Stakeholder sharing â€“ Include instructions for non-technical reviewers

Where to learn more:

â€¢ GitHub: About READMEs

â€¢ Make a README

â€¢ GOV.UK Technical documentation template","practitioner,setup-and-deployment,no-change"
Redirecting with logic,"Practitioner | Data and Logic

What is this skill?:

Redirecting with logic involves using routes to send users to different pages based on their form answers, enabling branching journeys and eligibility checks.

Why is it important?:

â€¢ Branching journeys â€“ Send users down different paths based on answers

â€¢ Eligibility screening â€“ Redirect ineligible users to appropriate pages

â€¢ Skip logic â€“ Jump over irrelevant questions

â€¢ Dynamic experiences â€“ Create personalised journeys

Where to learn more:

â€¢ GOV.UK Prototype Kit: Branching

â€¢ GOV.UK Prototype Kit: Create routes","practitioner,data-and-logic,no-change"
Restarting the kit,"Working | Setup and Deployment

What is this skill?:

Restarting the kit involves stopping and starting the prototype server, which is sometimes necessary after making changes to routes.js or installing new packages. Most view changes don't require a restart.

Why is it important?:

â€¢ Apply changes â€“ Some changes only take effect after a restart

â€¢ Fix frozen states â€“ Restart when the kit becomes unresponsive

â€¢ Clear caches â€“ A restart can resolve unexpected behaviour

â€¢ Know when it's needed â€“ Understand which changes require a restart and which don't

Where to learn more:

â€¢ GOV.UK Prototype Kit: Running the kit

â€¢ GOV.UK Prototype Kit: Create routes","working,setup-and-deployment,no-change"
Running the kit locally,"Working | Setup and Deployment

What is this skill?:

Running the kit locally involves using terminal commands to start the GOV.UK or NHS.UK prototype kit on your own machine. This creates a local web server that lets you view and test your prototype in a browser.

Why is it important?:

â€¢ Immediate feedback â€“ See changes instantly as you develop without waiting for deployments

â€¢ Offline working â€“ Continue prototyping without an internet connection

â€¢ Safe experimentation â€“ Test ideas locally before sharing with stakeholders

â€¢ Essential first step â€“ You cannot build prototypes without being able to run the kit

Where to learn more:

â€¢ GOV.UK Prototype Kit: Running the kit

â€¢ NHS Prototype Kit: Getting started","working,setup-and-deployment,no-change"
Sass compile errors,"Working | Setup and Deployment

What is this skill?:

Sass compile errors occur when the kit's stylesheet preprocessor encounters syntax issues or invalid code. Understanding how to read and fix these errors is essential for customising the appearance of your prototype.

Why is it important?:

â€¢ Keeps your prototype running â€“ Sass errors will prevent the kit from compiling, blocking all development work

â€¢ Enables visual customisation â€“ Once you can debug Sass, you can confidently add custom styles

â€¢ Speeds up troubleshooting â€“ Recognising common error patterns helps you fix issues quickly

â€¢ Builds foundational CSS knowledge â€“ Understanding Sass errors improves your overall front-end skills

Where to learn more:

â€¢ GOV.UK Prototype Kit: Using CSS

â€¢ Sass documentation: Syntax errors","working,setup-and-deployment,no-change"
Searching/Filtering lists,"Expert | Data and Logic

What is this skill?:

Searching and filtering lists involves implementing search functionality that filters displayed results based on user input, enabling address lookups, reference searches, and dynamic lists.

Why is it important?:

â€¢ Search testing â€“ Test how users interact with search interfaces

â€¢ Address lookup â€“ Simulate postcode or address finder patterns

â€¢ Reference finding â€“ Look up records by reference number

â€¢ Dynamic results â€“ Show filtered lists that update based on criteria

Where to learn more:

â€¢ GOV.UK Design System: Find a thing

â€¢ MDN: Array.filter()","expert,data-and-logic,no-change"
Setting up VS Code,"Working | Setup and Deployment

What is this skill?:

Setting up VS Code (Visual Studio Code) involves configuring the editor with helpful extensions and settings for prototyping work. This includes syntax highlighting for Nunjucks, code formatting, and integrated terminal access.

Why is it important?:

â€¢ Productivity â€“ A well-configured editor speeds up your development workflow

â€¢ Error prevention â€“ Syntax highlighting helps you spot mistakes early

â€¢ Consistency â€“ Formatters ensure your code follows a consistent style

â€¢ Integrated workflow â€“ Run terminal commands and edit files in one place

Where to learn more:

â€¢ VS Code download

â€¢ VS Code Nunjucks extension

â€¢ GOV.UK Prototype Kit: Requirements","working,setup-and-deployment,no-change"
Simulate errors,"Working | Pages and Layouts

What is this skill?:

Simulating errors involves creating error states, validation messages, and error summary pages in your prototype. This helps test how users respond to problems and ensures your service handles errors gracefully.

Why is it important?:

â€¢ Realistic testing â€“ Users will encounter errors; test their reactions in research

â€¢ Accessible error handling â€“ Practice implementing error summaries and inline messages correctly

â€¢ Design system compliance â€“ Learn to use GOV.UK or NHS error patterns properly

â€¢ Complete journeys â€“ Error states are a crucial part of any user journey

Where to learn more:

â€¢ GOV.UK Design System: Error message

â€¢ GOV.UK Design System: Error summary","working,pages-and-layouts,no-change"
Skip links and focus management,"Practitioner | Components and Patterns

What is this skill?:

Skip links allow keyboard users to bypass repeated navigation and jump to main content. Focus management ensures the keyboard focus moves to the right place after page changes or dynamic updates.

Why is it important?:

â€¢ Accessibility requirement â€“ Skip links are essential for keyboard users

â€¢ Screen reader users â€“ Saves time navigating past headers and menus

â€¢ Dynamic content â€“ Focus must move appropriately after form submissions

â€¢ WCAG compliance â€“ Required for accessibility standards

Where to learn more:

â€¢ GOV.UK Design System: Skip link

â€¢ W3C: Skip navigation links

â€¢ Managing focus for accessibility","practitioner,components-and-patterns,no-change"
Standard data filters,"Working | Data and Logic

What is this skill?:

Standard data filters are built-in Nunjucks functions like 'default', 'lower', 'upper', and 'trim' that transform data when displaying it in templates.

Why is it important?:

â€¢ Default values â€“ Show placeholder text when data is missing

â€¢ Text formatting â€“ Capitalise names or format strings consistently

â€¢ Data cleaning â€“ Remove whitespace or standardise input

â€¢ Safe display â€“ Handle missing or undefined values gracefully

Where to learn more:

â€¢ Nunjucks: Built-in filters

â€¢ GOV.UK Prototype Kit: Passing data","working,data-and-logic,no-change"
Standard GOV.UK components,"Working | Components and Patterns

What is this skill?:

Standard GOV.UK components are pre-built, accessible UI elements like buttons, radios, checkboxes, and text inputs that form the foundation of any government service prototype.

Why is it important?:

â€¢ Accessibility built-in â€“ Components have been thoroughly tested for accessibility

â€¢ Consistency â€“ Match the look and feel of live government services

â€¢ Speed â€“ No need to build common elements from scratch

â€¢ Best practices â€“ Components embody research-backed design decisions

Where to learn more:

â€¢ GOV.UK Design System: Components

â€¢ NHS digital service manual: Components","working,components-and-patterns,no-change"
Standard GOV.UK Page blocks,"Working | Pages and Layouts

What is this skill?:

Understanding standard GOV.UK page blocks means knowing about the 'content', 'beforeContent', and other named blocks in the page template that you can override to place content in specific areas.

Why is it important?:

â€¢ Correct placement â€“ Put back links, breadcrumbs, and main content in the right places

â€¢ Design system compliance â€“ Follow the expected page structure

â€¢ Flexibility â€“ Override only the blocks you need to change

â€¢ Consistency â€“ Ensures your pages match GOV.UK or NHS patterns

Where to learn more:

â€¢ GOV.UK Design System: Page template

â€¢ GOV.UK Prototype Kit: Templates and layouts","working,pages-and-layouts,no-change"
Storing user answers,"Working | Data and Logic

What is this skill?:

Storing user answers involves understanding how form data flows through your prototype. The 'name' attribute on form fields determines the key used in session storage, and this data persists across pages throughout the user's journey.

Why is it important?:

â€¢ Data flow â€“ The name attribute determines how data is stored and retrieved

â€¢ Data persistence â€“ User answers are remembered across multiple pages

â€¢ Form pre-filling â€“ Correct names allow the kit to auto-fill forms with previous answers

â€¢ Dynamic content â€“ Display previous answers in later pages

â€¢ Branching logic â€“ Use stored data to determine which path users take

â€¢ Check answers pages â€“ Show users a summary of all their responses

â€¢ Debugging â€“ Mismatched names are a common source of bugs

Where to learn more:

â€¢ GOV.UK Prototype Kit: Storing data

â€¢ GOV.UK Prototype Kit: Pass data from page to page

â€¢ MDN Web Docs: Form input name attribute","working,data-and-logic,no-change"
Tables with data,"Working | Components and Patterns

What is this skill?:

Tables with data involves using the GOV.UK table component to display structured information, and understanding when tables are appropriate versus other presentation methods.

Why is it important?:

â€¢ Data presentation â€“ Show comparisons, lists, or structured data clearly

â€¢ Accessibility â€“ Proper table markup is essential for screen readers

â€¢ Responsive design â€“ Tables need careful handling on mobile devices

â€¢ Appropriate use â€“ Know when to use tables and when not to

Where to learn more:

â€¢ GOV.UK Design System: Table

â€¢ GOV.UK Design System: Summary list

â€¢ MDN: Table accessibility","working,components-and-patterns,no-change"
Terminal basics,"Working | Setup and Deployment

What is this skill?:

Terminal basics involves understanding how to use the command line interface to navigate folders, run commands, and interact with the prototype kit. This is essential for starting, stopping, and managing your prototype.

Why is it important?:

â€¢ Run the kit â€“ The terminal is how you start and stop your prototype

â€¢ Install dependencies â€“ NPM commands are run through the terminal

â€¢ Navigate your project â€“ Move between folders and find files quickly

â€¢ Debug issues â€“ Error messages appear in the terminal, helping you diagnose problems

Where to learn more:

â€¢ GOV.UK Prototype Kit: Terminal basics

â€¢ MDN Web Docs: Command line crash course","working,setup-and-deployment,no-change"
Terminal shortcuts,"Practitioner | Setup and Deployment

What is this skill?:

Terminal shortcuts are keyboard commands that speed up your workflow, such as using the up arrow to repeat previous commands, Ctrl+C to stop processes, and tab completion for file names.

Why is it important?:

â€¢ Work faster â€“ Shortcuts significantly speed up common tasks

â€¢ Reduce errors â€“ Tab completion prevents typos in file names

â€¢ Professional workflow â€“ Efficient terminal use is a mark of an experienced developer

â€¢ Less frustration â€“ Quick commands make the development experience smoother

Where to learn more:

â€¢ Terminal shortcuts cheat sheet

â€¢ MDN: Command line crash course","practitioner,setup-and-deployment,no-change"
Update notifications,"Working | Setup and Deployment

What is this skill?:

Update notifications appear in the terminal or browser when a new version of the prototype kit or GOV.UK Frontend is available. Understanding these helps you decide when and how to update.

Why is it important?:

â€¢ Stay current â€“ Know when important updates are available

â€¢ Security patches â€“ Updates often include security fixes

â€¢ New features â€“ Access the latest components and improvements

â€¢ Plan updates â€“ Decide whether to update now or wait until a convenient time

Where to learn more:

â€¢ GOV.UK Prototype Kit: Updating the kit

â€¢ GOV.UK Frontend releases","working,setup-and-deployment,no-change"
Updating the GOV.UK Frontend,"Expert | Components and Patterns

What is this skill?:

Updating the GOV.UK Frontend involves managing version upgrades of the core design system package, handling breaking changes, and ensuring your prototype continues to work after updates.

Why is it important?:

â€¢ Security fixes â€“ Updates often include important security patches

â€¢ New components â€“ Access the latest design system components

â€¢ Bug fixes â€“ Benefit from fixes to existing component issues

â€¢ Accessibility improvements â€“ Updates often include accessibility enhancements

Where to learn more:

â€¢ GOV.UK Prototype Kit: Updating

â€¢ GOV.UK Frontend releases","expert,components-and-patterns,no-change"
Use back link correctly,"Practitioner | Pages and Layouts

What is this skill?:

Using the back link correctly involves implementing browser-style back navigation that works reliably, understanding when to use JavaScript history vs explicit URLs.

Why is it important?:

â€¢ User expectation â€“ Users expect back links to work like the browser back button

â€¢ Journey integrity â€“ Incorrect back links can break user flows

â€¢ Accessibility â€“ Back links must be keyboard accessible and properly labelled

â€¢ Design system compliance â€“ GOV.UK and NHS patterns specify back link behaviour

Where to learn more:

â€¢ GOV.UK Design System: Back link

â€¢ NHS digital service manual: Back link","practitioner,pages-and-layouts,no-change"
Use macros for items,"Practitioner | Components and Patterns

What is this skill?:

Using macros for items involves implementing GOV.UK Frontend macros with data from loops to generate repeated elements like radio options, checkbox items, or summary list rows dynamically.

Why is it important?:

â€¢ Dynamic lists â€“ Generate options from data rather than hard-coding

â€¢ Maintainability â€“ Change data in one place to update everywhere

â€¢ Consistency â€“ Each item uses the same component structure

â€¢ Efficiency â€“ Quickly add or remove items by editing data

Where to learn more:

â€¢ GOV.UK Design System: Radios

â€¢ Nunjucks: For loops","practitioner,components-and-patterns,no-change"
User research handoff,"Practitioner | Pages and Layouts

What is this skill?:

User research handoff involves preparing your prototype for user research sessions. This includes creating clear starting points, resetting data between sessions, and documenting which journeys to test.

Why is it important?:

â€¢ Consistent testing â€“ Every participant starts from the same point

â€¢ Researcher independence â€“ Researchers can run sessions without developer support

â€¢ Clear scenarios â€“ Document which paths to test and what data to use

â€¢ Clean data â€“ Reset session data between participants

Where to learn more:

â€¢ GOV.UK Service Manual: User research

â€¢ GOV.UK Prototype Kit: Clear session data

â€¢ Nielsen Norman: Usability testing 101","practitioner,pages-and-layouts,no-change"
Using block content,"Practitioner | Pages and Layouts

What is this skill?:

Using block content involves advanced use of Nunjucks layout blocks to create custom page structures, such as adding content to the page head, before the main content, or in the footer.

Why is it important?:

â€¢ Full control â€“ Access any part of the page template

â€¢ Custom layouts â€“ Create non-standard page structures when needed

â€¢ Script injection â€“ Add page-specific JavaScript or CSS

â€¢ Advanced patterns â€“ Implement complex design requirements

Where to learn more:

â€¢ Nunjucks: Block

â€¢ GOV.UK Design System: Page template options","practitioner,pages-and-layouts,no-change"
Using browser DevTools,"Working | Setup and Deployment

What is this skill?:

Using browser DevTools involves inspecting HTML, CSS, and JavaScript in the browser to debug layout issues, test changes in real-time, and understand how your prototype renders. Essential for troubleshooting styling and layout problems.

Why is it important?:

â€¢ Real-time debugging â€“ See exactly how the browser interprets your code

â€¢ CSS inspection â€“ Find and fix styling issues quickly

â€¢ Console access â€“ View JavaScript errors and debug data flow

â€¢ Network monitoring â€“ Check if assets are loading correctly

Where to learn more:

â€¢ Chrome DevTools documentation

â€¢ Firefox Developer Tools

â€¢ MDN: What are browser developer tools?","working,setup-and-deployment,no-change"
Using checkboxes (arrays),"Practitioner | Data and Logic

What is this skill?:

Using checkboxes involves understanding that multiple selections are stored as arrays in session data, and knowing how to check if specific values are included.

Why is it important?:

â€¢ Multiple selections â€“ Handle questions where users can select several options

â€¢ Array handling â€“ Understand how to work with array data in Nunjucks

â€¢ Conditional logic â€“ Check if a specific option was selected from many

â€¢ Summary pages â€“ Display all selected options on check answers pages

Where to learn more:

â€¢ GOV.UK Design System: Checkboxes

â€¢ Nunjucks: Working with arrays","practitioner,data-and-logic,no-change"
Using data across pages,"Practitioner | Data and Logic

What is this skill?:

Using data across pages involves passing variables between pages using session storage, hidden fields, or URL parameters, and then rendering dynamic content based on that stored data.

Why is it important?:

â€¢ Journey continuity â€“ Keep track of user input across multiple pages

â€¢ Form pre-population â€“ Show previous answers when users go back

â€¢ Personalisation â€“ Address users by name or reference their choices

â€¢ Contextual content â€“ Show relevant information based on earlier answers

â€¢ Check answers pages â€“ Display summaries of user input

â€¢ Confirmation details â€“ Show submitted information on confirmation pages

â€¢ Conditional journeys â€“ Use earlier answers to influence later pages

Where to learn more:

â€¢ GOV.UK Prototype Kit: Pass data from page to page

â€¢ GOV.UK Prototype Kit: Storing data

â€¢ GOV.UK Design System: Check answers","practitioner,data-and-logic,no-change"
Using external JSON files,"Expert | Data and Logic

What is this skill?:

Using external JSON files involves loading data from separate .json files into your prototype, enabling realistic datasets for testing search, lists, and data-driven features.

Why is it important?:

â€¢ Realistic data â€“ Test with representative datasets

â€¢ Separation of concerns â€“ Keep data separate from templates

â€¢ Easy updates â€“ Modify data without changing code

â€¢ Large datasets â€“ Handle more data than would be practical inline

Where to learn more:

â€¢ GOV.UK Prototype Kit: Using data

â€¢ Node.js: Reading JSON files","expert,data-and-logic,no-change"
Using the /index page,"Working | Pages and Layouts

What is this skill?:

Using the /index page involves organizing your prototype's landing page to provide clear navigation to different journeys, versions, or test scenarios within your prototype.

Why is it important?:

â€¢ Organization â€“ Provides a central hub for all your prototype journeys

â€¢ User research â€“ Facilitators can quickly navigate to the right starting point

â€¢ Version management â€“ Link to different iterations or scenarios

â€¢ Documentation â€“ Add notes about what each journey tests

Where to learn more:

â€¢ GOV.UK Prototype Kit: Create pages

â€¢ GOV.UK Prototype Kit: Folder structure","working,pages-and-layouts,no-change"
Validation logic,"Practitioner | Data and Logic

What is this skill?:

Validation logic involves checking whether users have entered required information correctly and displaying appropriate error messages when they haven't.

Why is it important?:

â€¢ Data quality â€“ Ensure users provide necessary information

â€¢ User guidance â€“ Help users understand what's required

â€¢ Error testing â€“ Test how users respond to validation errors

â€¢ Realistic prototypes â€“ Mimic real service behaviour

Where to learn more:

â€¢ GOV.UK Design System: Error message

â€¢ GOV.UK Design System: Error summary","practitioner,data-and-logic,no-change"
Viewing session data,"Working | Data and Logic

What is this skill?:

Viewing session data involves using the prototype admin panel (usually at /manage-prototype/clear-data) to inspect what data is currently stored in the session.

Why is it important?:

â€¢ Debugging â€“ See exactly what data is stored when things aren't working

â€¢ Understanding flow â€“ Check how data changes as users move through the journey

â€¢ Testing â€“ Verify that forms are saving data with the correct names

â€¢ Learning â€“ Understand how the kit handles data behind the scenes

Where to learn more:

â€¢ GOV.UK Prototype Kit: Clear session data

â€¢ GOV.UK Prototype Kit: Storing data","working,data-and-logic,no-change"
Views and page templates,"Working | Pages and Layouts

What is this skill?:

A view is the visual template that renders what users see in the browser. In the prototype kit, views are Nunjucks files in the app/views folder that combine HTML, design system components, and dynamic data. Views use template inheritance ('extends') to share common layouts across pages.

Why is it important?:

â€¢ Page creation â€“ Views are where you build the actual screens users interact with

â€¢ Consistency â€“ All pages automatically share the same layout through inheritance

â€¢ Efficiency â€“ Don't repeat header and footer code on every page

â€¢ Separation of concerns â€“ Keeping views separate from routes makes code more organised

â€¢ Template reuse â€“ Views can extend layouts and include partials

â€¢ Maintainability â€“ Change the layout once to update all pages

â€¢ Data display â€“ Views receive data from routes and display it dynamically

Where to learn more:

â€¢ GOV.UK Prototype Kit: Create pages

â€¢ GOV.UK Prototype Kit: Templates and layouts

â€¢ Nunjucks: Template inheritance

â€¢ Express.js: Using template engines","working,pages-and-layouts,no-change"
WCAG basics for prototypers,"Practitioner | Components and Patterns

What is this skill?:

WCAG (Web Content Accessibility Guidelines) basics involves understanding the core principles of accessibility: Perceivable, Operable, Understandable, and Robust. Knowing these helps you build prototypes that represent accessible services.

Why is it important?:

â€¢ Design decisions â€“ Understanding WCAG informs better design choices

â€¢ Stakeholder conversations â€“ Explain why certain patterns are required

â€¢ Compliance awareness â€“ Know what standards the final service must meet

â€¢ Testing focus â€“ Know what to check during prototype reviews

Where to learn more:

â€¢ W3C: WCAG 2.1 at a glance

â€¢ GOV.UK: Understanding WCAG 2.1

â€¢ WebAIM: WCAG 2 checklist

â€¢ Deque University: Free courses","practitioner,components-and-patterns,no-change"
What is a macro?,"Working | Components and Patterns

What is this skill?:

A macro is a reusable Nunjucks code block that accepts parameters and outputs HTML. GOV.UK Frontend components are implemented as macros, allowing you to configure them with different options.

Why is it important?:

â€¢ Reusability â€“ Write once, use many times with different parameters

â€¢ Consistency â€“ Same component looks identical everywhere

â€¢ Configuration â€“ Pass different options to customise behaviour

â€¢ Foundation â€“ Understanding macros unlocks the full design system

Where to learn more:

â€¢ Nunjucks: Macro

â€¢ GOV.UK Design System: Using Nunjucks","working,components-and-patterns,no-change"
What is Heroku?,"Practitioner | Setup and Deployment

What is this skill?:

Understanding Heroku means knowing it's a cloud platform that hosts your prototype online, making it accessible to stakeholders and research participants without them needing to run the kit locally.

Why is it important?:

â€¢ Remote access â€“ Share prototypes with anyone via a URL

â€¢ User research â€“ Conduct research sessions with participants anywhere

â€¢ Stakeholder reviews â€“ Let product owners and decision makers see progress

â€¢ Password protection â€“ Secure your prototype from public access

Where to learn more:

â€¢ GOV.UK Prototype Kit: Publishing on the web

â€¢ Heroku: How Heroku works","practitioner,setup-and-deployment,no-change"
What is POST and GET?,"Working | Pages and Layouts

What is this skill?:

POST and GET are HTTP methods that determine how data is sent between the browser and server. GET requests fetch pages, while POST requests submit form data. Understanding these is essential for building interactive prototypes.

Why is it important?:

â€¢ Form submissions â€“ POST is used when users submit forms with their answers

â€¢ Page navigation â€“ GET is used when users click links or type URLs

â€¢ Data handling â€“ Knowing which method to use affects how you access user input

â€¢ Correct behaviour â€“ Using the right method ensures your prototype works as expected

Where to learn more:

â€¢ GOV.UK Prototype Kit: Pass data from page to page

â€¢ MDN Web Docs: HTTP request methods","working,pages-and-layouts,no-change"
What is Routing?,"Working | Pages and Layouts

What is this skill?:

Routing is the mechanism that determines which page to show when a user visits a URL or submits a form. In the prototype kit, routes connect URLs to views and control how users navigate through your prototype.

Why is it important?:

â€¢ User journeys â€“ Routes define the paths users take through your service

â€¢ Form handling â€“ Routes process form submissions and determine what happens next

â€¢ Dynamic content â€“ Routes can pass data to pages, enabling personalised experiences

â€¢ Branching logic â€“ Routes enable different paths based on user input

Where to learn more:

â€¢ GOV.UK Prototype Kit: Create routes

â€¢ Express.js routing basics","working,pages-and-layouts,no-change"
What's in the kit,"Working | Setup and Deployment

What is this skill?:

Understanding what's in the kit means knowing the key files, folders, and how the different parts of the GOV.UK or NHS.UK prototype kit work together. This foundational knowledge helps you navigate and modify your prototype effectively.

Why is it important?:

â€¢ Faster orientation â€“ Knowing where things are saves time when building or debugging

â€¢ Confident modifications â€“ Understanding the structure helps you make changes without breaking things

â€¢ Better collaboration â€“ Team members can work together more effectively with shared knowledge

â€¢ Foundation for advanced skills â€“ All other prototyping skills build on this understanding

Where to learn more:

â€¢ GOV.UK Prototype Kit: About the kit

â€¢ NHS Prototype Kit documentation","working,setup-and-deployment,no-change"